{
  "position": {
    "x": 308.27131298828124,
    "y": 201.14181575393675
  },
  "angle": 0,
  "scale": 1.6,
  "zindex": 20,
  "elementId": "7e9ef4cf-b02b-4e8b-b427-32ef07b34378"
}
